Numero_Telaio,Marca,Targa,Colore,Cilindrata,Tipo_Cambio,ID_Concessionaria
VIN65748,Opel,OX669PY,Rosso,1518,Automatico,1
VIN82929,Mazda,UJ844SB,Nero,1295,Manuale,1
VIN90487,Opel,TS322QU,Rosso,1879,Manuale,1
VIN85804,Toyota,JB930SF,Verde,1822,Automatico,1
VIN86423,Mazda,OR782KJ,Verde,1498,Manuale,1
VIN58759,Opel,YG593YI,Verde,1246,Automatico,1
VIN74536,Mazda,BS207LT,Blu,1788,Manuale,1
VIN96969,Opel,BQ115MT,Rosso,1970,Manuale,1
VIN61081,Opel,DO582SB,Nero,1717,Automatico,1
VIN99299,FIAT,OY202WH,Rosso,1357,Automatico,1
VIN16194,Mazda,HD366DJ,Nero,2006,Automatico,1
VIN74629,Mazda,LB433GZ,Blu,1925,Manuale,1
VIN56240,Mazda,RL229JA,Bianco,1429,Automatico,1
VIN18729,Toyota,YZ812FW,Blu,1253,Manuale,1
VIN97274,Opel,UQ840QI,Bianco,2127,Automatico,1
VIN54394,FIAT,II817AS,Verde,2023,Manuale,1
VIN46785,Toyota,TT580YW,Nero,1413,Automatico,1
VIN42551,Toyota,FM445LT,Verde,1216,Automatico,1
VIN27070,Opel,TH112NI,Bianco,1361,Automatico,1
VIN63999,Mazda,PZ302CG,Nero,1826,Automatico,1
VIN28893,Toyota,IE824DB,Rosso,1598,Automatico,2
VIN79490,Opel,CH640WY,Bianco,1728,Automatico,2
VIN80940,FIAT,TW130MW,Rosso,1810,Automatico,2
VIN65737,Opel,BC433TF,Verde,2130,Automatico,2
VIN83956,Toyota,EY979RB,Nero,1968,Manuale,2
VIN44338,FIAT,GN818OF,Verde,2059,Manuale,2
VIN85584,Toyota,AY592RI,Bianco,1457,Manuale,2
VIN53343,FIAT,VQ209IB,Nero,1877,Automatico,2
VIN28571,Mazda,OL424AF,Blu,1658,Automatico,2
VIN67208,Opel,QA972PH,Nero,2103,Manuale,2
VIN36173,FIAT,QB692OG,Blu,1212,Manuale,2
VIN91367,Opel,JQ989GU,Blu,2094,Manuale,2
VIN73463,FIAT,VD435FL,Nero,1207,Automatico,2
VIN32903,Opel,FV766KM,Verde,1715,Manuale,2
VIN19205,FIAT,VG354QN,Bianco,1318,Manuale,2
VIN42358,Opel,DN251GF,Rosso,2147,Manuale,2
VIN63658,Opel,GQ781MP,Blu,1787,Automatico,2
VIN22644,FIAT,JC335VQ,Bianco,1537,Manuale,2
VIN14080,Toyota,HW372KR,Nero,1337,Manuale,2
VIN21065,Opel,QS688KH,Rosso,2126,Automatico,2
VIN18915,Mazda,RF844FU,Rosso,2077,Manuale,3
VIN98419,FIAT,WW872KD,Bianco,1942,Manuale,3
VIN59131,Opel,UI776FI,Nero,1779,Automatico,3
VIN94932,FIAT,LP134QS,Bianco,2186,Manuale,3
VIN48509,Opel,NR351QW,Nero,1718,Automatico,3
VIN87194,Opel,WB194LD,Blu,2021,Manuale,3
VIN40110,Opel,GP835VH,Nero,2124,Automatico,3
VIN44132,Mazda,RH113ZZ,Rosso,2194,Automatico,3
VIN65455,FIAT,XL504RF,Bianco,2003,Automatico,3
VIN54841,Opel,ME238NA,Blu,1540,Automatico,3
VIN76360,FIAT,SI978XI,Bianco,1965,Automatico,3
VIN51018,FIAT,KL459UB,Bianco,1261,Manuale,3
VIN50737,Mazda,SC727FI,Verde,1817,Automatico,3
VIN43446,Toyota,ZZ327RJ,Verde,1242,Automatico,3
VIN72750,FIAT,HR282NA,Blu,2123,Manuale,3
VIN82480,FIAT,ND298QN,Rosso,1968,Manuale,3
VIN29332,FIAT,YP348EG,Rosso,1764,Automatico,3
VIN66346,Mazda,PK910IV,Verde,1390,Automatico,3
VIN82112,Toyota,NY620NT,Rosso,1485,Manuale,3
VIN16915,Toyota,DD341FY,Verde,1242,Manuale,3
VIN48225,Mazda,ZX610MQ,Rosso,1676,Manuale,4
VIN64766,Toyota,AY305YK,Bianco,1838,Manuale,4
VIN85692,Toyota,AP436HR,Nero,1853,Manuale,4
VIN25114,FIAT,YL684FU,Bianco,1397,Manuale,4
VIN58994,Mazda,OG665UQ,Verde,1468,Manuale,4
VIN47232,Toyota,HQ879BF,Verde,2071,Manuale,4
VIN56684,Toyota,XC995SQ,Verde,1236,Manuale,4
VIN47537,FIAT,LC452PS,Rosso,2125,Automatico,4
VIN13117,Mazda,JU846XN,Blu,1271,Manuale,4
VIN22564,FIAT,LV239XW,Blu,1756,Manuale,4
VIN86546,Toyota,FC331XG,Rosso,1258,Manuale,4
VIN96245,Opel,JX441TF,Verde,1978,Automatico,4
VIN76715,Opel,BA177WD,Blu,1397,Manuale,4
VIN78320,Toyota,SK722KC,Bianco,1426,Automatico,4
VIN31666,Toyota,HS173NX,Verde,1347,Automatico,4
VIN49542,Toyota,QG680LO,Nero,1409,Manuale,4
VIN10091,Toyota,DI875ZA,Nero,1773,Manuale,4
VIN10958,Opel,NO850ES,Verde,1800,Manuale,4
VIN73999,Mazda,CQ884HL,Nero,1368,Automatico,4
VIN27184,Toyota,XK186KO,Blu,1373,Manuale,4
VIN94167,Toyota,VR553BO,Rosso,1838,Automatico,5
VIN87685,Opel,OA141EB,Nero,1309,Automatico,5
VIN58550,Mazda,VG825WP,Rosso,1560,Automatico,5
VIN86396,Toyota,UG186UW,Bianco,1381,Manuale,5
VIN33117,Opel,HD416WG,Rosso,1294,Automatico,5
VIN49366,FIAT,QQ109DP,Bianco,1315,Automatico,5
VIN92265,FIAT,QD204XX,Rosso,1327,Automatico,5
VIN15830,FIAT,TW579GB,Verde,2047,Automatico,5
VIN98873,Opel,TG325BU,Verde,1321,Automatico,5
VIN31844,FIAT,YU212IH,Rosso,2181,Manuale,5
VIN49190,Toyota,JE793NK,Blu,2109,Manuale,5
VIN82338,Mazda,JP226UM,Rosso,1819,Manuale,5
VIN84198,FIAT,DH956FL,Nero,1345,Automatico,5
VIN48045,FIAT,JN227TP,Blu,1231,Manuale,5
VIN53867,Mazda,LW464LC,Bianco,1846,Automatico,5
VIN35131,Mazda,PZ326IH,Nero,1506,Manuale,5
VIN67874,FIAT,TQ815GB,Blu,1908,Automatico,5
VIN33258,Toyota,ZS484DN,Blu,1741,Manuale,5
VIN26909,Opel,GA803VB,Blu,1949,Manuale,5
VIN60671,FIAT,KM456HX,Verde,2031,Automatico,5
VIN58656,Opel,MW330VD,Rosso,1870,Automatico,6
VIN75540,FIAT,KQ910GQ,Verde,1883,Automatico,6
VIN14586,Opel,GY207LY,Rosso,1605,Manuale,6
VIN12552,Toyota,AB168CL,Rosso,1546,Automatico,6
VIN63866,Opel,UU201VO,Rosso,2014,Automatico,6
VIN17178,Toyota,UI991ZT,Nero,1509,Manuale,6
VIN44028,Mazda,MO657FF,Nero,2126,Manuale,6
VIN84762,FIAT,OW683PP,Rosso,1873,Manuale,6
VIN41334,Mazda,CZ829FR,Bianco,2188,Manuale,6
VIN16264,FIAT,SW811FP,Nero,1832,Automatico,6
VIN34307,Opel,KD663NI,Nero,1284,Automatico,6
VIN70642,Opel,CG656PJ,Bianco,2129,Automatico,6
VIN28545,Opel,OG740ZZ,Nero,2137,Automatico,6
VIN79780,Toyota,VP856RL,Bianco,1465,Manuale,6
VIN47882,Opel,CJ606DD,Blu,1843,Automatico,6
VIN75493,Mazda,PW277UM,Blu,1517,Automatico,6
VIN28726,Mazda,QA907YM,Bianco,2116,Manuale,6
VIN93842,Mazda,BC220OF,Nero,1817,Automatico,6
VIN24499,Toyota,XL724NX,Nero,2166,Automatico,6
VIN61638,Opel,TD996RD,Nero,1294,Manuale,6
VIN56670,FIAT,DV647NZ,Rosso,1829,Automatico,7
VIN27447,Opel,JD389TK,Nero,2124,Automatico,7
VIN96189,Toyota,DB238NN,Verde,1254,Manuale,7
VIN91429,Mazda,SK415MM,Bianco,1341,Manuale,7
VIN86889,FIAT,FS862LV,Blu,1536,Automatico,7
VIN88862,Opel,MX420VY,Verde,1274,Manuale,7
VIN21438,Mazda,NJ199JJ,Blu,2155,Automatico,7
VIN68886,Opel,YN872YM,Bianco,1840,Manuale,7
VIN38451,Toyota,EF112VP,Verde,2028,Automatico,7
VIN85947,Mazda,VU328VL,Nero,2060,Manuale,7
VIN58507,Opel,SI810SN,Verde,1238,Manuale,7
VIN87051,Opel,SG400MM,Blu,1600,Manuale,7
VIN31160,FIAT,DL794IU,Nero,1777,Automatico,7
VIN74718,FIAT,UG589MR,Nero,1203,Manuale,7
VIN55489,Mazda,ME606OT,Blu,1724,Manuale,7
VIN74316,FIAT,UI557WK,Rosso,1672,Automatico,7
VIN77011,Toyota,BE805VI,Nero,1892,Automatico,7
VIN17702,Opel,DD778ZZ,Bianco,1985,Automatico,7
VIN58423,Opel,SZ225XX,Nero,2074,Manuale,7
VIN81512,Mazda,BF208MP,Blu,1656,Manuale,7
VIN74948,Toyota,XB871JC,Rosso,1764,Manuale,8
VIN70357,Toyota,TW174LY,Verde,1856,Automatico,8
VIN26756,Mazda,QQ752HZ,Rosso,1203,Manuale,8
VIN46340,Mazda,XC920RO,Verde,1590,Automatico,8
VIN87128,Mazda,IU890YS,Nero,1816,Automatico,8
VIN72924,FIAT,PV337SW,Bianco,1320,Manuale,8
VIN94663,Opel,LP945CS,Blu,1722,Manuale,8
VIN67522,Mazda,IV338MI,Blu,1679,Manuale,8
VIN96872,Toyota,SW361FP,Rosso,2078,Manuale,8
VIN24268,Opel,HH849CO,Verde,1235,Automatico,8
VIN48783,Toyota,QK785KW,Rosso,1358,Automatico,8
VIN62742,Mazda,EF961KW,Blu,1911,Manuale,8
VIN30633,Toyota,HN815BL,Verde,1499,Manuale,8
VIN94930,Mazda,DT997FW,Bianco,1820,Manuale,8
VIN22950,Mazda,MS987RS,Bianco,2039,Automatico,8
VIN63432,Mazda,KC889NR,Verde,1685,Automatico,8
VIN89480,FIAT,BA454FP,Rosso,1597,Automatico,8
VIN29156,FIAT,EC101XN,Nero,1885,Automatico,8
VIN35061,FIAT,KL811FZ,Blu,1330,Automatico,8
VIN29937,Opel,UD932IF,Blu,1868,Automatico,8
VIN35853,Opel,OA793MV,Rosso,1671,Manuale,9
VIN34938,FIAT,CY242ZS,Nero,2043,Manuale,9
VIN17488,Toyota,GO990CZ,Verde,2069,Automatico,9
VIN54139,Opel,JR814WR,Bianco,1884,Automatico,9
VIN97954,Mazda,ZH738XT,Rosso,1555,Automatico,9
VIN14213,FIAT,QL774TV,Nero,1352,Manuale,9
VIN50050,Opel,WF529LG,Verde,1496,Manuale,9
VIN10119,Mazda,DW812CI,Verde,1603,Automatico,9
VIN58598,Opel,SK540SE,Rosso,2118,Manuale,9
VIN14585,FIAT,WO768OR,Blu,1833,Manuale,9
VIN24202,Mazda,FP465BX,Nero,1855,Manuale,9
VIN64703,Opel,ZF536IS,Nero,2146,Manuale,9
VIN38208,Opel,QS398ZZ,Bianco,2127,Manuale,9
VIN64043,Opel,MV494PT,Rosso,1474,Manuale,9
VIN16399,FIAT,GS531YT,Bianco,1426,Manuale,9
VIN60913,Mazda,WW993VO,Nero,1829,Automatico,9
VIN59799,FIAT,TW846IA,Rosso,1349,Manuale,9
VIN55401,Opel,CO122RU,Verde,2103,Manuale,9
VIN76069,Mazda,MH169RS,Verde,1264,Automatico,9
VIN75457,Opel,HO625PQ,Nero,1552,Automatico,9
VIN28966,Toyota,YH152HL,Rosso,1937,Manuale,10
VIN75720,FIAT,YK206RB,Blu,1998,Automatico,10
VIN80857,Toyota,ON356CM,Nero,1583,Automatico,10
VIN27274,Opel,WG649PV,Nero,2139,Automatico,10
VIN67523,FIAT,NF216KR,Nero,1293,Automatico,10
VIN31627,Mazda,KJ849FE,Blu,1791,Automatico,10
VIN83156,FIAT,CY191VV,Nero,1253,Automatico,10
VIN65266,Toyota,GA740EW,Nero,1353,Automatico,10
VIN69598,FIAT,IJ872YC,Blu,2112,Manuale,10
VIN87957,Toyota,PR648EI,Blu,1322,Automatico,10
VIN97774,Toyota,BJ495EG,Bianco,1552,Automatico,10
VIN14515,Mazda,EO850OA,Rosso,1575,Automatico,10
VIN91409,Mazda,PK169JB,Blu,1525,Manuale,10
VIN66362,Mazda,HH223QA,Rosso,1225,Manuale,10
VIN89300,Toyota,OA502CR,Blu,1232,Manuale,10
VIN80632,FIAT,TV902UO,Blu,2014,Manuale,10
VIN16644,FIAT,YB254GL,Blu,1354,Manuale,10
VIN85434,Mazda,NT160VA,Nero,2102,Manuale,10
VIN66854,Opel,UP405NF,Rosso,2040,Manuale,10
VIN11547,Opel,DY448OI,Verde,1949,Manuale,10
VIN22029,Opel,DF168YQ,Rosso,1611,Manuale,11
VIN63828,Toyota,VO507TY,Blu,1955,Automatico,11
VIN37137,Opel,BL722SB,Verde,1742,Manuale,11
VIN80756,Toyota,AK896JS,Verde,1245,Manuale,11
VIN21304,Toyota,BD924XV,Blu,2076,Manuale,11
VIN72828,Opel,NK808KD,Bianco,1719,Automatico,11
VIN83011,Mazda,FS107KM,Rosso,1453,Automatico,11
VIN62464,Mazda,AY215RG,Nero,1881,Manuale,11
VIN65028,Mazda,KP919PE,Blu,1972,Automatico,11
VIN33882,FIAT,OD702QR,Bianco,1983,Manuale,11
VIN83527,Opel,UD170JY,Rosso,1800,Automatico,11
VIN49069,Toyota,OP649BN,Rosso,2038,Manuale,11
VIN34938,Opel,XW121WM,Bianco,2055,Manuale,11
VIN93934,FIAT,SQ775CO,Blu,1913,Manuale,11
VIN48081,Mazda,ZB101TD,Rosso,2194,Automatico,11
VIN48096,Opel,LO407YH,Nero,1455,Automatico,11
VIN69159,Mazda,UF940QE,Nero,1539,Automatico,11
VIN48259,FIAT,YE477CN,Blu,2182,Manuale,11
VIN32418,FIAT,LG520BH,Verde,1747,Automatico,11
VIN47791,Mazda,DC747PU,Nero,1963,Automatico,11
VIN50015,Mazda,EJ698PR,Rosso,1960,Automatico,12
VIN92841,Mazda,II219DK,Verde,1743,Automatico,12
VIN35010,FIAT,JA135QD,Blu,1602,Automatico,12
VIN23792,Opel,ZS827MO,Bianco,1458,Automatico,12
VIN68767,Opel,MA454EW,Verde,1816,Automatico,12
VIN88563,Opel,UW220PG,Nero,1398,Manuale,12
VIN36802,Toyota,QS721IE,Bianco,2036,Manuale,12
VIN41342,FIAT,NM244JN,Bianco,1969,Manuale,12
VIN43114,Toyota,AO149SA,Rosso,1656,Manuale,12
VIN69650,Opel,IQ179ER,Verde,1673,Manuale,12
VIN69405,Opel,KV343HC,Verde,2106,Manuale,12
VIN26047,Opel,EY189LA,Rosso,2123,Manuale,12
VIN92810,Toyota,ZU481HE,Verde,1975,Automatico,12
VIN91159,Opel,AQ684ES,Verde,2134,Manuale,12
VIN89257,Mazda,GF584HY,Rosso,1532,Manuale,12
VIN14042,Opel,WG695FF,Verde,1714,Manuale,12
VIN96263,Toyota,HC986MK,Blu,1915,Automatico,12
VIN16705,Mazda,PR963CP,Nero,1206,Manuale,12
VIN63962,Mazda,QR656FN,Rosso,1618,Manuale,12
VIN68418,Toyota,EQ374DB,Blu,1984,Manuale,12
VIN23500,Mazda,XO853QQ,Rosso,1596,Manuale,13
VIN44177,Opel,GF331SS,Nero,2091,Manuale,13
VIN14235,Toyota,EA895KQ,Verde,2091,Manuale,13
VIN98277,Opel,RX778MC,Verde,1928,Automatico,13
VIN78944,FIAT,GZ509TB,Blu,1848,Automatico,13
VIN29877,FIAT,EI719EP,Blu,1349,Manuale,13
VIN79373,FIAT,GH552KJ,Bianco,1752,Manuale,13
VIN42517,Toyota,CF957BX,Nero,2170,Automatico,13
VIN85771,FIAT,XL249YC,Blu,1400,Automatico,13
VIN94165,Mazda,YJ456VH,Rosso,2096,Automatico,13
VIN73979,Mazda,BL276YR,Bianco,1306,Automatico,13
VIN32858,FIAT,EC954WD,Rosso,1381,Manuale,13
VIN40527,Toyota,LH255IN,Verde,1347,Automatico,13
VIN42850,Mazda,VW789DM,Rosso,1382,Manuale,13
VIN55534,FIAT,JW408LD,Bianco,1422,Automatico,13
VIN91906,Toyota,EI837HI,Verde,2057,Automatico,13
VIN63992,Toyota,KI300SC,Nero,1521,Automatico,13
VIN76059,Toyota,QJ462ZC,Blu,1250,Automatico,13
VIN71487,Opel,OD231LY,Verde,1561,Automatico,13
VIN90154,Opel,XZ502LA,Rosso,1804,Automatico,13
VIN85532,FIAT,DU559XZ,Rosso,1761,Automatico,14
VIN82940,Mazda,FG510IB,Blu,1815,Automatico,14
VIN24041,Opel,IC991ZD,Verde,1985,Manuale,14
VIN20259,FIAT,PZ963SN,Blu,1246,Automatico,14
VIN11814,FIAT,DR112DA,Blu,1834,Automatico,14
VIN16392,Mazda,IO535BH,Verde,1250,Manuale,14
VIN37174,Mazda,ZN689JB,Verde,1984,Manuale,14
VIN65599,FIAT,PX803UC,Rosso,1928,Automatico,14
VIN19159,FIAT,ES744EV,Nero,1715,Manuale,14
VIN67175,Toyota,NG177NH,Verde,1465,Manuale,14
VIN87414,FIAT,BK878TD,Verde,1965,Manuale,14
VIN31115,FIAT,IU516VE,Verde,1909,Manuale,14
VIN10129,Mazda,FY579QS,Verde,1524,Automatico,14
VIN62638,Toyota,QE676TZ,Verde,1558,Manuale,14
VIN87296,Mazda,BX239BQ,Nero,1941,Automatico,14
VIN41130,FIAT,RP327RQ,Blu,1691,Manuale,14
VIN89741,Toyota,JY584ZB,Nero,1798,Manuale,14
VIN88206,Opel,TX451KZ,Blu,1313,Manuale,14
VIN82992,FIAT,VC261IF,Bianco,1394,Manuale,14
VIN89245,FIAT,XR941SV,Rosso,1359,Manuale,14
VIN66193,Toyota,UD650FF,Rosso,1839,Automatico,15
VIN35206,FIAT,NA509KQ,Nero,1611,Manuale,15
VIN10964,Toyota,HM777YG,Verde,2067,Automatico,15
VIN70182,Toyota,ED713HC,Blu,1630,Manuale,15
VIN24617,Toyota,MQ952TU,Rosso,2155,Manuale,15
VIN48164,Opel,EB579SV,Rosso,2114,Manuale,15
VIN59943,Opel,FX753XR,Rosso,2151,Manuale,15
VIN58445,Toyota,EG595FN,Blu,2021,Automatico,15
VIN30319,Opel,HW841CB,Bianco,2199,Automatico,15
VIN88306,Mazda,UE504DT,Blu,1227,Automatico,15
VIN14064,FIAT,ZZ374DL,Rosso,1302,Automatico,15
VIN43714,Mazda,UF616ED,Nero,1569,Automatico,15
VIN80583,Toyota,KB579KF,Nero,1906,Automatico,15
VIN59729,Toyota,HK217XC,Blu,1647,Automatico,15
VIN89066,Opel,OB758MZ,Nero,1670,Manuale,15
VIN11408,Opel,EI912PG,Nero,1475,Automatico,15
VIN60897,Opel,II224UT,Rosso,1411,Automatico,15
VIN34099,Toyota,AW480DG,Verde,1880,Automatico,15
VIN37743,Opel,LD977MS,Bianco,1643,Manuale,15
VIN60330,Mazda,CH916GT,Blu,1208,Automatico,15
VIN26262,Toyota,LT331MH,Rosso,1969,Manuale,16
VIN45629,Mazda,VY444DB,Blu,2093,Manuale,16
VIN16218,Mazda,EB542QQ,Verde,2020,Automatico,16
VIN41098,Toyota,FV814DE,Verde,1912,Manuale,16
VIN41579,Toyota,RZ191UA,Rosso,1216,Automatico,16
VIN66602,Opel,EG742CF,Rosso,1875,Automatico,16
VIN60505,Opel,LL239KU,Bianco,1402,Automatico,16
VIN45088,Mazda,MI412RH,Bianco,1265,Automatico,16
VIN32567,Mazda,FB964JP,Bianco,1629,Automatico,16
VIN12199,Toyota,XW266TJ,Nero,1578,Automatico,16
VIN60966,Mazda,NV412NC,Bianco,1849,Automatico,16
VIN22865,Opel,HS384FN,Blu,1619,Automatico,16
VIN35856,Toyota,FZ147GQ,Blu,1784,Manuale,16
VIN32118,Toyota,HY156HA,Nero,1471,Automatico,16
VIN87250,FIAT,VT561QQ,Verde,1251,Automatico,16
VIN17018,Opel,TC794SM,Blu,1395,Manuale,16
VIN23790,Toyota,RH117LF,Nero,1892,Automatico,16
VIN85544,Mazda,KN164PK,Rosso,1213,Automatico,16
VIN25555,Mazda,ED492CN,Blu,1686,Automatico,16
VIN86394,Toyota,QO118XK,Verde,1964,Manuale,16
VIN40379,Opel,LV455RE,Rosso,1771,Manuale,17
VIN50352,FIAT,QG273VV,Rosso,1573,Automatico,17
VIN60982,Opel,GZ312HE,Blu,2002,Manuale,17
VIN25984,Opel,UW853GR,Nero,1429,Automatico,17
VIN89584,Toyota,VT513VJ,Bianco,1667,Automatico,17
VIN30481,Mazda,XV931CJ,Bianco,1969,Automatico,17
VIN21944,Opel,JH241CV,Bianco,2005,Automatico,17
VIN78200,Mazda,DY795UB,Nero,1674,Manuale,17
VIN85272,Mazda,VW950OV,Rosso,1735,Manuale,17
VIN81047,Toyota,WA363DO,Verde,1766,Manuale,17
VIN95013,Toyota,EG528XU,Verde,1400,Automatico,17
VIN28849,Opel,GC614QJ,Nero,1440,Manuale,17
VIN33774,FIAT,PA367GP,Nero,2155,Automatico,17
VIN59384,Opel,XX682DJ,Verde,1715,Automatico,17
VIN51699,FIAT,VW638QR,Nero,1829,Automatico,17
VIN44766,FIAT,GV881WW,Nero,1799,Manuale,17
VIN29508,FIAT,BW745PD,Bianco,1831,Automatico,17
VIN76218,Toyota,MQ501TP,Nero,1641,Manuale,17
VIN48960,FIAT,DD121OD,Nero,2177,Manuale,17
VIN75128,Mazda,UM892CV,Blu,2011,Automatico,17
VIN19542,Toyota,PW881VK,Rosso,1527,Manuale,18
VIN81204,Mazda,ND163GF,Nero,2129,Manuale,18
VIN80624,Mazda,MU969FL,Rosso,1897,Manuale,18
VIN99544,FIAT,LS756IY,Blu,1449,Automatico,18
VIN91798,Toyota,QI669EO,Blu,1301,Automatico,18
VIN48186,Toyota,RD246AR,Blu,1957,Manuale,18
VIN70725,FIAT,ZU857BA,Rosso,1514,Manuale,18
VIN14261,FIAT,TP120AP,Blu,1529,Manuale,18
VIN40268,Mazda,VC198QA,Blu,1268,Automatico,18
VIN28236,Opel,ZZ451SY,Blu,1555,Automatico,18
VIN73621,Toyota,MV308MJ,Rosso,1239,Manuale,18
VIN97282,FIAT,RH434ZK,Verde,1879,Manuale,18
VIN87335,FIAT,IF201GG,Bianco,1687,Automatico,18
VIN49448,Toyota,EV366NB,Nero,1832,Automatico,18
VIN49745,FIAT,FM819YU,Rosso,1830,Manuale,18
VIN24438,Mazda,WO894XB,Nero,2171,Automatico,18
VIN14946,Toyota,UB787RY,Bianco,1773,Automatico,18
VIN51668,Opel,LH339JP,Blu,1792,Manuale,18
VIN33630,Mazda,QN852IH,Nero,1678,Manuale,18
VIN34548,Mazda,QL164US,Bianco,1862,Manuale,18
VIN16204,FIAT,DQ409MK,Rosso,2178,Manuale,19
VIN68075,Opel,ZU426CC,Blu,1875,Automatico,19
VIN87969,Mazda,HU563ZC,Blu,1953,Automatico,19
VIN80870,Opel,NR192MH,Verde,1297,Manuale,19
VIN77699,FIAT,DL894UN,Blu,2000,Automatico,19
VIN54998,Opel,AN147ZN,Nero,1693,Manuale,19
VIN58995,FIAT,GH118LX,Blu,1397,Automatico,19
VIN77169,Opel,RK935YQ,Verde,1466,Automatico,19
VIN98586,Toyota,JB341XB,Bianco,1742,Manuale,19
VIN73982,FIAT,TY810ZN,Blu,1782,Automatico,19
VIN25592,Opel,XJ883KE,Nero,2135,Automatico,19
VIN81316,Toyota,PW103MT,Blu,1665,Manuale,19
VIN29598,Mazda,XO467IR,Blu,2165,Manuale,19
VIN65695,Toyota,VF964JI,Verde,1219,Manuale,19
VIN37008,FIAT,DZ219VT,Verde,1512,Automatico,19
VIN29163,Mazda,DV540RS,Verde,2152,Automatico,19
VIN48550,Opel,DF584SF,Verde,1890,Automatico,19
VIN70030,Toyota,OJ501FJ,Nero,1446,Automatico,19
VIN48424,Mazda,TV220NK,Rosso,1392,Automatico,19
VIN84197,Opel,KQ838BS,Verde,1488,Automatico,19
VIN42343,Opel,FW831HX,Rosso,2149,Manuale,20
VIN25918,Mazda,RN710FV,Nero,2176,Manuale,20
VIN55682,Mazda,GD402MX,Bianco,1825,Automatico,20
VIN62311,FIAT,AN990RO,Rosso,1926,Automatico,20
VIN33265,Toyota,QV354JK,Nero,2112,Automatico,20
VIN11555,Mazda,FH631LL,Nero,1622,Automatico,20
VIN79543,Opel,VN349EG,Blu,1271,Manuale,20
VIN80064,Mazda,WW823YZ,Verde,1520,Manuale,20
VIN75464,Mazda,QM131RE,Verde,1598,Automatico,20
VIN17660,FIAT,CS934KL,Blu,1516,Manuale,20
VIN78377,Toyota,RK913QN,Verde,1216,Manuale,20
VIN26630,FIAT,YL345JZ,Bianco,1284,Automatico,20
VIN59183,Opel,KX411HF,Nero,1532,Automatico,20
VIN50717,FIAT,BO313WI,Verde,1620,Automatico,20
VIN84497,Toyota,HV885AC,Blu,1302,Automatico,20
VIN18206,Opel,KS816RJ,Nero,1951,Manuale,20
VIN17767,Opel,BF850PA,Bianco,2012,Manuale,20
VIN66437,FIAT,YW472PS,Blu,1430,Automatico,20
VIN74915,FIAT,DQ103QP,Rosso,1773,Automatico,20
VIN56935,Opel,MM300IA,Rosso,1490,Manuale,20
VIN70759,Toyota,TP745RC,Rosso,1250,Manuale,21
VIN38102,FIAT,OK302JF,Blu,1703,Automatico,21
VIN10139,Toyota,IV791ZN,Verde,2139,Automatico,21
VIN92476,Mazda,IR338XC,Nero,1422,Manuale,21
VIN55599,Mazda,UA188QU,Bianco,1677,Automatico,21
VIN82457,FIAT,NF392KD,Bianco,1213,Manuale,21
VIN28050,Toyota,ZU187VX,Verde,2006,Manuale,21
VIN80828,Opel,GH623SA,Bianco,2061,Automatico,21
VIN47945,FIAT,II617HC,Nero,1929,Manuale,21
VIN85856,FIAT,BL890NS,Bianco,1689,Manuale,21
VIN54659,Toyota,PH473HT,Verde,1712,Automatico,21
VIN56733,Opel,HK424AA,Rosso,2161,Manuale,21
VIN43588,FIAT,HN719AH,Rosso,1574,Automatico,21
VIN20967,FIAT,VR392CX,Nero,2022,Automatico,21
VIN19402,FIAT,KC490IG,Bianco,1817,Automatico,21
VIN28794,Opel,OR480KU,Verde,1210,Manuale,21
VIN37004,Mazda,JP234SI,Verde,2139,Manuale,21
VIN35498,Mazda,QJ396UO,Bianco,1746,Manuale,21
VIN12378,Opel,VT224VT,Rosso,1666,Automatico,21
VIN36026,Toyota,LE129SW,Verde,1624,Manuale,21
VIN55719,Mazda,ZK831WD,Rosso,1224,Manuale,22
VIN90795,Opel,QE323FW,Nero,1612,Automatico,22
VIN12825,Mazda,QV486LS,Verde,1914,Automatico,22
VIN73183,FIAT,RR498DY,Bianco,1919,Automatico,22
VIN65498,Toyota,KH176UF,Verde,1288,Manuale,22
VIN93539,Toyota,PF342DO,Nero,1224,Automatico,22
VIN25216,Mazda,AP528FK,Verde,2107,Automatico,22
VIN49222,FIAT,FF521BL,Verde,1997,Manuale,22
VIN27786,FIAT,QV566CA,Bianco,1673,Automatico,22
VIN69041,FIAT,TE409NP,Bianco,1341,Automatico,22
VIN79563,Toyota,BB173IG,Blu,1280,Automatico,22
VIN69255,Mazda,WJ588JT,Nero,1335,Manuale,22
VIN40252,Mazda,BU471FI,Verde,1989,Manuale,22
VIN10564,Mazda,KJ110GF,Bianco,1893,Automatico,22
VIN65950,FIAT,VR820LG,Verde,1381,Automatico,22
VIN45861,FIAT,OJ500YS,Rosso,2067,Manuale,22
VIN20870,Mazda,BB879DI,Bianco,1560,Automatico,22
VIN81900,Toyota,ZI454AX,Blu,1252,Manuale,22
VIN41635,Mazda,TR567AJ,Bianco,1254,Automatico,22
VIN74055,FIAT,IV539WX,Blu,1481,Automatico,22
VIN65493,Opel,NG200JR,Rosso,1936,Automatico,23
VIN10959,Toyota,PT336QE,Bianco,1520,Automatico,23
VIN60903,Mazda,OK193SJ,Verde,1224,Automatico,23
VIN64209,Opel,CH206ZW,Blu,2111,Manuale,23
VIN70900,Toyota,KX976ZA,Rosso,1664,Automatico,23
VIN22219,Mazda,LB102IW,Nero,2066,Manuale,23
VIN29996,Opel,UO348QL,Blu,1374,Manuale,23
VIN89696,FIAT,RH549KB,Blu,1277,Automatico,23
VIN15769,FIAT,QC188ZL,Blu,1533,Automatico,23
VIN20315,Toyota,OF605CI,Bianco,1986,Manuale,23
VIN87616,Toyota,BM370ZF,Bianco,1994,Automatico,23
VIN26360,FIAT,CS403IV,Bianco,1781,Manuale,23
VIN55849,Opel,AV733JS,Nero,1903,Manuale,23
VIN13015,Mazda,RS887AI,Blu,1327,Manuale,23
VIN41602,FIAT,DZ636AA,Blu,2089,Manuale,23
VIN89726,FIAT,XO817NT,Rosso,1582,Manuale,23
VIN93583,Mazda,PQ170RB,Bianco,1537,Automatico,23
VIN66615,Toyota,YZ315PY,Nero,1329,Manuale,23
VIN15016,Opel,QF240SD,Bianco,1797,Manuale,23
VIN64035,Mazda,DF697KH,Verde,1337,Automatico,23
VIN67142,FIAT,RK532IQ,Rosso,1328,Manuale,24
VIN66135,FIAT,FO312AS,Bianco,1638,Manuale,24
VIN93719,Opel,HH150AC,Blu,1952,Automatico,24
VIN69966,Opel,OT522YS,Blu,2157,Automatico,24
VIN61195,FIAT,RJ169IC,Bianco,2051,Manuale,24
VIN81632,Mazda,SY210DG,Verde,1375,Automatico,24
VIN23632,Mazda,AK214IY,Bianco,1962,Manuale,24
VIN96138,Opel,AW876PO,Verde,1620,Automatico,24
VIN44542,FIAT,GI647GK,Rosso,1260,Automatico,24
VIN30882,Opel,TV772XH,Verde,1763,Manuale,24
VIN73111,Opel,TR831XR,Nero,1696,Manuale,24
VIN81133,Mazda,WA811MA,Bianco,1952,Automatico,24
VIN30001,Mazda,MP383YU,Nero,2135,Manuale,24
VIN29619,Toyota,LU832TA,Rosso,2143,Manuale,24
VIN43220,Mazda,FR545KR,Bianco,2164,Automatico,24
VIN38728,Toyota,BV267RB,Blu,1237,Manuale,24
VIN35380,Opel,QW291JH,Verde,2172,Manuale,24
VIN75367,Mazda,LW570PN,Rosso,1208,Manuale,24
VIN92529,Toyota,HS419JU,Blu,1551,Manuale,24
VIN67760,FIAT,IC344GP,Blu,1982,Manuale,24
VIN77273,FIAT,NS520CL,Rosso,1685,Automatico,25
VIN89489,Mazda,AJ336XT,Verde,1450,Automatico,25
VIN50754,Toyota,EZ673BK,Verde,1970,Manuale,25
VIN57266,Mazda,TN881HZ,Blu,1738,Manuale,25
VIN83708,Mazda,FG374SL,Nero,1784,Automatico,25
VIN78147,FIAT,UR153OE,Rosso,2176,Automatico,25
VIN72572,Mazda,BM483GX,Bianco,1807,Automatico,25
VIN51563,Mazda,JC516QE,Verde,1393,Manuale,25
VIN72292,FIAT,KQ535LL,Blu,2092,Automatico,25
VIN85974,Opel,BR814TA,Bianco,2132,Manuale,25
VIN59313,Opel,QW235NC,Verde,2066,Automatico,25
VIN32400,Toyota,ZX260IO,Rosso,1563,Manuale,25
VIN14578,FIAT,GO590LD,Blu,1378,Manuale,25
VIN62952,FIAT,FD611DA,Rosso,1253,Manuale,25
VIN31796,FIAT,ZA350NF,Blu,1665,Manuale,25
VIN81520,Toyota,NM593YL,Nero,1327,Automatico,25
VIN79322,Toyota,VC797BB,Verde,1990,Manuale,25
VIN10690,Toyota,VU861FF,Nero,1250,Automatico,25
VIN31730,Toyota,LW428HX,Verde,1653,Automatico,25
VIN40078,Mazda,ZJ173MW,Blu,1210,Automatico,25
VIN34631,Toyota,KO116HI,Rosso,2140,Manuale,26
VIN56957,Toyota,TL747NO,Nero,1238,Manuale,26
VIN92025,Mazda,VZ258XM,Verde,1492,Automatico,26
VIN97768,Opel,VT768VQ,Nero,2092,Automatico,26
VIN52678,Opel,PJ371IW,Bianco,1382,Manuale,26
VIN65418,Opel,TS549KH,Nero,1652,Manuale,26
VIN74694,Mazda,GO315XA,Blu,2151,Automatico,26
VIN49258,FIAT,GP461PC,Blu,1622,Manuale,26
VIN66960,FIAT,FU692FY,Blu,1798,Manuale,26
VIN89879,FIAT,YL365XT,Rosso,1593,Automatico,26
VIN25849,Opel,VO767LP,Bianco,1920,Manuale,26
VIN49424,Opel,KH350OX,Nero,1631,Automatico,26
VIN92223,Mazda,TZ802QJ,Blu,1598,Manuale,26
VIN46473,FIAT,EC790YS,Nero,1521,Automatico,26
VIN85837,Mazda,NH948PG,Rosso,1774,Manuale,26
VIN89856,Opel,JV691KV,Verde,2142,Manuale,26
VIN39889,FIAT,LH138AF,Verde,1847,Automatico,26
VIN81862,Toyota,YL254OR,Bianco,1894,Automatico,26
VIN71852,Mazda,IQ942CX,Blu,2122,Automatico,26
VIN37493,Toyota,OK441GC,Blu,1535,Manuale,26
VIN64371,Mazda,UF969NW,Rosso,1312,Automatico,27
VIN28289,Opel,DT996OL,Blu,2151,Manuale,27
VIN54374,Mazda,NX631ZJ,Bianco,1369,Manuale,27
VIN37891,FIAT,FH692YQ,Verde,1335,Manuale,27
VIN44766,FIAT,GQ168UO,Blu,2118,Automatico,27
VIN26022,Toyota,IX347KS,Nero,1427,Automatico,27
VIN15142,Toyota,YF759UI,Rosso,1571,Automatico,27
VIN12037,Toyota,OF503HR,Nero,1294,Manuale,27
VIN75778,Toyota,MO739CN,Verde,1559,Manuale,27
VIN97192,Toyota,HT417BP,Bianco,1671,Manuale,27
VIN68366,FIAT,JU933DG,Nero,2143,Manuale,27
VIN97579,Opel,HR307LD,Verde,2172,Manuale,27
VIN16420,Mazda,BE832OZ,Nero,1413,Automatico,27
VIN63366,Mazda,XL168RZ,Blu,1336,Automatico,27
VIN20834,Toyota,SC663JA,Blu,2136,Automatico,27
VIN23575,Toyota,SK397AW,Rosso,2176,Manuale,27
VIN60918,Opel,QR729HT,Bianco,1661,Manuale,27
VIN91578,Toyota,PK751UH,Blu,1921,Automatico,27
VIN40726,Toyota,CT374RX,Blu,2171,Manuale,27
VIN86670,Toyota,JF935ES,Verde,1302,Automatico,27
VIN59317,Mazda,JJ901KB,Rosso,1387,Automatico,28
VIN44415,Toyota,MU829OD,Bianco,2175,Manuale,28
VIN80989,FIAT,DB929XA,Blu,2085,Automatico,28
VIN78598,FIAT,JJ923JG,Bianco,1683,Automatico,28
VIN13484,Toyota,II173NG,Rosso,1382,Manuale,28
VIN74772,FIAT,SG820YC,Verde,1800,Manuale,28
VIN41882,FIAT,MT216ZS,Bianco,1420,Automatico,28
VIN10874,Mazda,NV861PW,Nero,1880,Automatico,28
VIN34316,FIAT,YL200LU,Verde,1343,Automatico,28
VIN70569,FIAT,GE181LX,Nero,1442,Automatico,28
VIN69999,Toyota,MH536PN,Verde,1420,Automatico,28
VIN66869,FIAT,WG428OH,Bianco,1265,Manuale,28
VIN91576,Mazda,JD803SA,Bianco,1997,Automatico,28
VIN11216,Opel,IS429PW,Verde,2045,Automatico,28
VIN81328,Toyota,OR888IT,Nero,1310,Manuale,28
VIN39996,FIAT,GV477GS,Rosso,1859,Automatico,28
VIN72328,Toyota,EH907XE,Nero,2030,Manuale,28
VIN45110,Opel,BL893PM,Bianco,1744,Automatico,28
VIN66828,Opel,VK452YR,Bianco,1428,Automatico,28
VIN70686,Mazda,FT362SZ,Bianco,1422,Automatico,28
VIN30386,Mazda,PO983CR,Rosso,1992,Manuale,29
VIN50939,Opel,WM340PG,Verde,1464,Manuale,29
VIN18072,Toyota,BL963FT,Nero,2023,Manuale,29
VIN77175,Opel,GP673CZ,Nero,1400,Manuale,29
VIN55445,FIAT,ZL127OH,Verde,2135,Manuale,29
VIN37950,FIAT,PQ769HQ,Bianco,1543,Automatico,29
VIN70177,Mazda,BL129AP,Verde,1956,Automatico,29
VIN10509,FIAT,RY997MH,Nero,1340,Manuale,29
VIN71179,Opel,UZ751HC,Nero,2003,Manuale,29
VIN75231,Toyota,QL267TB,Verde,1414,Automatico,29
VIN55665,Opel,JX914TH,Nero,1211,Manuale,29
VIN78255,Toyota,LT969XL,Blu,1210,Manuale,29
VIN95126,Toyota,LA207JB,Rosso,1650,Automatico,29
VIN33616,Opel,YE366SE,Verde,1764,Manuale,29
VIN20147,Mazda,DM951UV,Rosso,1508,Automatico,29
VIN44547,Toyota,SO863ZN,Nero,1445,Automatico,29
VIN25220,Opel,YJ601MT,Verde,1901,Manuale,29
VIN49590,Mazda,SO141CH,Nero,1917,Automatico,29
VIN56641,Toyota,YH620YO,Rosso,1901,Automatico,29
VIN90643,FIAT,SE704FM,Blu,2126,Manuale,29
VIN95018,Mazda,BY112IH,Rosso,1815,Automatico,30
VIN56735,Mazda,SZ346AH,Bianco,2145,Manuale,30
VIN81208,Mazda,DM716JW,Rosso,1512,Manuale,30
VIN39353,Mazda,YE954LC,Blu,1384,Manuale,30
VIN25744,Opel,MY360ZP,Rosso,1678,Manuale,30
VIN37230,Opel,ZN228EK,Bianco,1951,Automatico,30
VIN28085,Toyota,VH452DK,Rosso,1554,Automatico,30
VIN72818,FIAT,AX368YG,Rosso,1789,Automatico,30
VIN11115,Opel,GN885BT,Nero,1719,Automatico,30
VIN44380,FIAT,ZQ658DY,Nero,1730,Automatico,30
VIN43641,Mazda,LY281ZW,Rosso,1401,Manuale,30
VIN27671,Toyota,LR767NO,Nero,2124,Manuale,30
VIN67330,Mazda,PD639GJ,Rosso,1779,Automatico,30
VIN76231,Opel,YT576ZW,Bianco,1644,Manuale,30
VIN21001,Opel,ES444FF,Rosso,1450,Automatico,30
VIN10053,Toyota,RD129AT,Nero,1391,Automatico,30
VIN29542,FIAT,PS603NE,Verde,1392,Automatico,30
VIN81567,Toyota,HL720EG,Blu,1307,Automatico,30
VIN82971,FIAT,YO831LB,Blu,1475,Automatico,30
VIN69392,Opel,VK285MX,Nero,1852,Automatico,30
VIN84679,Mazda,RD925KY,Rosso,1520,Manuale,31
VIN99348,FIAT,LV555WR,Bianco,2177,Manuale,31
VIN48655,Toyota,LA803MC,Bianco,1659,Automatico,31
VIN77507,Opel,MB861XZ,Nero,1940,Automatico,31
VIN97260,Mazda,BR724XP,Nero,1738,Manuale,31
VIN19389,Opel,OQ617LP,Nero,1343,Automatico,31
VIN17493,Opel,LX156JY,Bianco,1360,Automatico,31
VIN33165,FIAT,SK681YZ,Nero,1660,Manuale,31
VIN52884,Mazda,CP813YY,Rosso,1652,Manuale,31
VIN80956,Opel,OT579UT,Bianco,1961,Manuale,31
VIN42996,Opel,PI640QU,Bianco,1506,Automatico,31
VIN92238,Toyota,NL731PZ,Rosso,2091,Manuale,31
VIN36927,Toyota,HL730AK,Bianco,1258,Manuale,31
VIN55576,FIAT,QX426XU,Blu,1500,Manuale,31
VIN57075,FIAT,CG473NG,Verde,1830,Automatico,31
VIN95566,Opel,XH438CX,Nero,2197,Automatico,31
VIN51992,Opel,WK870CC,Rosso,1490,Automatico,31
VIN11582,Toyota,BJ734QG,Verde,1464,Manuale,31
VIN77991,FIAT,TX687LH,Rosso,1416,Manuale,31
VIN82473,Opel,MC139AV,Blu,1851,Manuale,31
VIN93376,Opel,EC289WB,Rosso,2000,Automatico,32
VIN84227,Opel,CT958TY,Rosso,1599,Automatico,32
VIN52021,Opel,CL755WJ,Rosso,1291,Manuale,32
VIN97271,FIAT,QR611BM,Rosso,2071,Automatico,32
VIN47030,Mazda,RV626HI,Blu,1984,Manuale,32
VIN38668,Mazda,ZL485KK,Verde,1866,Automatico,32
VIN46784,Mazda,EE818AU,Nero,1487,Automatico,32
VIN65893,Opel,HD967UA,Blu,1510,Manuale,32
VIN48886,FIAT,EE797ZW,Rosso,1382,Manuale,32
VIN23123,Toyota,EG247ET,Blu,2063,Manuale,32
VIN25949,FIAT,FC388PL,Bianco,1711,Automatico,32
VIN54948,Mazda,MX931ZE,Blu,1971,Manuale,32
VIN61078,Mazda,AA770FH,Blu,1736,Automatico,32
VIN72281,FIAT,DH933BT,Rosso,2178,Manuale,32
VIN16473,Opel,RX739ST,Verde,2074,Manuale,32
VIN88913,Toyota,YM620DD,Blu,1760,Manuale,32
VIN83548,FIAT,WT306DY,Verde,1582,Automatico,32
VIN58671,FIAT,SB696TW,Rosso,1994,Automatico,32
VIN55863,Mazda,LM353PQ,Verde,1619,Automatico,32
VIN18335,FIAT,PC559DM,Blu,1315,Manuale,32
VIN84980,Toyota,TR431DD,Rosso,1710,Automatico,33
VIN96303,Mazda,UP729CS,Rosso,1340,Automatico,33
VIN64868,Mazda,AX570LS,Bianco,1662,Automatico,33
VIN10536,Mazda,CB956BU,Blu,1683,Manuale,33
VIN87501,Mazda,RD383IN,Verde,1213,Manuale,33
VIN99057,FIAT,GB644CS,Bianco,2056,Manuale,33
VIN38611,Mazda,JY791DS,Nero,1483,Automatico,33
VIN98846,Toyota,MR347DD,Nero,2082,Automatico,33
VIN11799,Mazda,QP230QO,Rosso,1369,Automatico,33
VIN14139,Toyota,IJ615MH,Nero,1241,Manuale,33
VIN80951,FIAT,FH890WE,Nero,1808,Manuale,33
VIN67140,Toyota,EQ724AX,Nero,2093,Automatico,33
VIN92732,Mazda,YR326WB,Verde,1207,Manuale,33
VIN64857,Mazda,PW491VZ,Nero,1422,Manuale,33
VIN54784,Mazda,RV643SP,Nero,2151,Manuale,33
VIN86078,FIAT,AD545SX,Blu,1319,Automatico,33
VIN39703,Toyota,RQ833QA,Blu,2155,Automatico,33
VIN88907,Toyota,YU469FT,Nero,1902,Manuale,33
VIN96221,FIAT,KO177RL,Rosso,2109,Manuale,33
VIN68508,FIAT,KB946IR,Blu,1570,Automatico,33
VIN59561,Opel,SS667XL,Rosso,1968,Automatico,34
VIN52783,Opel,CW555XH,Blu,1250,Manuale,34
VIN99495,Opel,PU342RI,Rosso,1729,Automatico,34
VIN29435,Mazda,AQ930WY,Verde,1908,Automatico,34
VIN31485,Toyota,OO198PB,Nero,1722,Manuale,34
VIN19592,Opel,EJ416KB,Blu,1560,Automatico,34
VIN52535,Toyota,HX273QL,Verde,1956,Automatico,34
VIN39773,Opel,ZM448YI,Verde,1249,Automatico,34
VIN11075,FIAT,UQ919YT,Verde,1451,Manuale,34
VIN80324,Toyota,OC691JG,Bianco,2037,Manuale,34
VIN33538,Mazda,FB266NA,Rosso,1527,Manuale,34
VIN87836,Opel,IT303ZQ,Blu,1618,Automatico,34
VIN88590,Toyota,TT546XP,Blu,1755,Manuale,34
VIN54094,Opel,DZ914AH,Blu,1490,Automatico,34
VIN11782,FIAT,ZA308XW,Bianco,1736,Automatico,34
VIN22838,Mazda,XF154XN,Nero,1765,Manuale,34
VIN85470,Toyota,JK471TC,Bianco,1898,Manuale,34
VIN17006,Toyota,QP736LF,Nero,1418,Automatico,34
VIN28342,Mazda,SF582OC,Bianco,1550,Manuale,34
VIN76736,Toyota,YT416SV,Verde,1920,Automatico,34
VIN31950,Opel,DZ582TO,Rosso,1494,Manuale,35
VIN51845,Opel,QM876DL,Rosso,1912,Manuale,35
VIN11442,FIAT,VS123DC,Verde,2107,Manuale,35
VIN78521,Opel,XZ266JC,Nero,2091,Automatico,35
VIN60055,FIAT,HC197DA,Nero,1335,Manuale,35
VIN14220,FIAT,IV951QE,Verde,1357,Automatico,35
VIN47191,Mazda,PE668AS,Verde,1399,Manuale,35
VIN27770,Opel,KL182DA,Rosso,2059,Automatico,35
VIN51681,Opel,DA372NB,Verde,1406,Manuale,35
VIN24873,Toyota,DJ870AA,Bianco,1483,Automatico,35
VIN88300,Toyota,ZL826YZ,Nero,1595,Automatico,35
VIN39334,Toyota,PF531DK,Nero,2039,Manuale,35
VIN24801,Toyota,LS467XB,Nero,1567,Automatico,35
VIN69941,Opel,YH566MJ,Blu,1909,Automatico,35
VIN60563,Toyota,PW300GY,Verde,1835,Automatico,35
VIN45507,Opel,VQ680RU,Blu,1617,Automatico,35
VIN16999,FIAT,LR785NU,Bianco,2098,Manuale,35
VIN56091,FIAT,PK331CP,Verde,1651,Manuale,35
VIN64179,Mazda,XN163RH,Rosso,1937,Automatico,35
VIN20966,Toyota,VD941CA,Rosso,2124,Automatico,35
VIN47229,FIAT,RT119ER,Rosso,1644,Manuale,36
VIN91257,Toyota,SM157WQ,Nero,1993,Automatico,36
VIN14389,FIAT,FB403KN,Nero,1823,Manuale,36
VIN67616,Opel,OC569EV,Bianco,1427,Manuale,36
VIN47279,Mazda,LC321DY,Bianco,1695,Automatico,36
VIN95045,FIAT,LH267VK,Bianco,1412,Manuale,36
VIN82561,FIAT,SH869BT,Nero,1551,Automatico,36
VIN25051,FIAT,OD757PN,Blu,1664,Manuale,36
VIN11219,Opel,ID440AR,Blu,2015,Automatico,36
VIN32599,FIAT,YR412PZ,Bianco,1918,Automatico,36
VIN66940,FIAT,PM210GW,Rosso,1990,Manuale,36
VIN90399,Toyota,KG340UT,Blu,2121,Automatico,36
VIN49261,Opel,OF851CV,Bianco,2071,Automatico,36
VIN17735,Toyota,OP665VD,Bianco,2103,Manuale,36
VIN54379,Toyota,BF992PQ,Blu,1218,Automatico,36
VIN39163,Mazda,OO462KE,Nero,1662,Automatico,36
VIN37344,Toyota,JY296EL,Rosso,1239,Manuale,36
VIN76897,FIAT,IE526ZV,Verde,1544,Automatico,36
VIN97972,Mazda,OB135JA,Verde,1487,Manuale,36
VIN25974,Mazda,RM181MX,Bianco,2056,Automatico,36
VIN99071,FIAT,CS122IT,Rosso,1224,Manuale,37
VIN67730,FIAT,CE536DK,Verde,1422,Manuale,37
VIN98720,FIAT,ZO829ZH,Nero,1494,Manuale,37
VIN70501,Toyota,BB564VA,Bianco,1869,Manuale,37
VIN80424,FIAT,LM589ZF,Nero,1744,Manuale,37
VIN34200,FIAT,GI189JD,Blu,1251,Automatico,37
VIN52049,FIAT,ZJ179GQ,Verde,1673,Manuale,37
VIN93755,Opel,AV319SV,Bianco,1646,Automatico,37
VIN60326,Opel,LQ643QT,Bianco,1558,Manuale,37
VIN98394,Toyota,KS483DH,Verde,1653,Manuale,37
VIN12358,Toyota,ZY578ZR,Rosso,1491,Automatico,37
VIN35623,Mazda,QL844ER,Blu,1254,Manuale,37
VIN32762,Toyota,QD159OE,Blu,1423,Manuale,37
VIN78658,FIAT,CM943CI,Blu,2008,Automatico,37
VIN77038,Toyota,LQ113EW,Verde,1687,Manuale,37
VIN73265,Mazda,WX798GN,Bianco,1803,Automatico,37
VIN11257,FIAT,FI403QR,Blu,2034,Manuale,37
VIN90830,FIAT,MW893KI,Nero,1271,Automatico,37
VIN32242,Toyota,BU990XZ,Blu,1603,Manuale,37
VIN70269,Mazda,ZQ707CG,Verde,1337,Manuale,37
VIN80302,Mazda,OL387OV,Rosso,1613,Automatico,38
VIN27575,Toyota,BD494BJ,Blu,1261,Automatico,38
VIN10930,FIAT,NE601UC,Rosso,1570,Automatico,38
VIN41968,FIAT,NX612RO,Rosso,1436,Manuale,38
VIN28570,FIAT,FY200ZR,Blu,1608,Automatico,38
VIN37993,FIAT,IT609OM,Nero,1923,Automatico,38
VIN44071,FIAT,QJ395BQ,Verde,1297,Manuale,38
VIN18474,FIAT,NP273EC,Bianco,2093,Manuale,38
VIN77411,Toyota,ZC550GJ,Rosso,2008,Manuale,38
VIN17957,Mazda,GD885PI,Rosso,1286,Manuale,38
VIN74288,Toyota,JX386VJ,Blu,1555,Manuale,38
VIN26457,Opel,KM786BH,Rosso,1540,Manuale,38
VIN85383,Toyota,VC102UM,Blu,2042,Automatico,38
VIN58777,Toyota,UE781PF,Blu,1307,Automatico,38
VIN24585,Opel,MF629XQ,Rosso,1572,Automatico,38
VIN40634,Opel,II865MG,Rosso,1675,Automatico,38
VIN76777,FIAT,HI397DY,Bianco,1823,Manuale,38
VIN40876,FIAT,FC515GY,Nero,2079,Automatico,38
VIN85523,Opel,VF687DS,Nero,1686,Manuale,38
VIN48879,Toyota,TP775RM,Blu,1254,Automatico,38
VIN25390,Toyota,QB921LU,Rosso,1445,Manuale,39
VIN82541,Opel,IK312FU,Verde,2076,Automatico,39
VIN97349,Mazda,UZ342OU,Bianco,1720,Manuale,39
VIN24151,Mazda,YZ129BB,Nero,1340,Automatico,39
VIN97206,Toyota,XT749YY,Bianco,1562,Automatico,39
VIN68744,FIAT,AX668IA,Verde,1260,Manuale,39
VIN85867,Toyota,BF766QL,Bianco,1743,Manuale,39
VIN17156,FIAT,EU756MX,Nero,1388,Manuale,39
VIN78468,FIAT,KT936NO,Blu,1973,Manuale,39
VIN26320,Toyota,EG816NM,Nero,2074,Automatico,39
VIN90368,Toyota,UU334JI,Nero,1845,Automatico,39
VIN77762,Opel,NR464HR,Blu,1806,Automatico,39
VIN71880,Opel,EW730HG,Nero,2051,Manuale,39
VIN41903,Opel,NF338QX,Rosso,1973,Automatico,39
VIN28123,FIAT,LE729FN,Bianco,1485,Automatico,39
VIN80324,Opel,AZ828RL,Rosso,1268,Manuale,39
VIN19376,FIAT,QS822TA,Blu,1496,Manuale,39
VIN44677,Mazda,PA534BA,Rosso,1845,Manuale,39
VIN61221,Opel,LI752KG,Nero,1834,Manuale,39
VIN67877,Mazda,RH882XV,Bianco,1534,Automatico,39
VIN38710,FIAT,DF668UB,Rosso,1616,Manuale,40
VIN39955,Opel,KZ614MF,Bianco,2176,Automatico,40
VIN70355,Toyota,US531VY,Nero,1939,Manuale,40
VIN24422,Opel,JO218KH,Rosso,2084,Manuale,40
VIN90009,Toyota,ZK863CT,Blu,1279,Automatico,40
VIN37121,FIAT,PO111GF,Verde,1305,Automatico,40
VIN39846,FIAT,FT303ID,Bianco,1926,Manuale,40
VIN75819,Opel,FR263SB,Rosso,1735,Automatico,40
VIN81382,Opel,IK733LV,Blu,1726,Manuale,40
VIN48623,Opel,PC567AA,Rosso,2052,Manuale,40
VIN73261,Toyota,HN562KW,Bianco,1662,Manuale,40
VIN51806,Opel,VI639GE,Nero,1798,Automatico,40
VIN65326,Toyota,SR994KE,Nero,2106,Automatico,40
VIN39573,FIAT,LC986WM,Verde,1269,Automatico,40
VIN37868,FIAT,QF436GT,Rosso,1987,Automatico,40
VIN61050,FIAT,EM870UE,Blu,1712,Manuale,40
VIN81701,Toyota,SY714BN,Bianco,2101,Automatico,40
VIN27691,Opel,XU736AW,Blu,1956,Manuale,40
VIN37598,FIAT,JQ429XG,Rosso,2011,Automatico,40
VIN54162,Mazda,HR169UO,Rosso,1736,Manuale,40
VIN17912,Toyota,EO203TK,Rosso,1232,Automatico,41
VIN98627,Toyota,OH832GF,Nero,2172,Manuale,41
VIN30368,FIAT,RE797VF,Nero,1510,Automatico,41
VIN74868,Mazda,CE150KF,Rosso,1435,Automatico,41
VIN63287,FIAT,QN784SC,Bianco,1271,Manuale,41
VIN45563,FIAT,YK124UP,Nero,1982,Manuale,41
VIN58615,Mazda,GP401PY,Bianco,1548,Manuale,41
VIN64175,Toyota,DK967AH,Blu,1794,Automatico,41
VIN77673,Toyota,AI189GI,Rosso,1489,Automatico,41
VIN38783,Opel,NV424RY,Nero,1279,Manuale,41
VIN59559,Toyota,QL210HY,Bianco,1831,Automatico,41
VIN41770,Toyota,GE363QA,Bianco,2159,Automatico,41
VIN39264,Opel,TY309NW,Blu,1287,Manuale,41
VIN50174,Toyota,EJ586IV,Nero,2096,Automatico,41
VIN26524,Toyota,FY996YZ,Nero,1559,Manuale,41
VIN91205,Mazda,TN610TR,Nero,1513,Automatico,41
VIN71912,Opel,KD951RM,Rosso,1702,Manuale,41
VIN20643,Toyota,XV458GZ,Blu,1237,Automatico,41
VIN99674,Toyota,AM548HS,Rosso,1452,Manuale,41
VIN95083,Toyota,BO439MA,Rosso,1429,Automatico,41
VIN85348,Toyota,ZF328RT,Rosso,2172,Manuale,42
VIN90212,Opel,YN486HA,Rosso,2165,Manuale,42
VIN21896,Toyota,AF863NB,Blu,1607,Automatico,42
VIN77492,Toyota,WI977AP,Verde,1399,Automatico,42
VIN96472,Opel,WL819VR,Nero,1234,Manuale,42
VIN20493,Mazda,JV262IG,Rosso,1881,Automatico,42
VIN46317,FIAT,GQ893QL,Verde,1648,Manuale,42
VIN37419,Toyota,ZG675SC,Verde,1302,Manuale,42
VIN21105,Toyota,UG616OX,Verde,1518,Manuale,42
VIN47845,FIAT,YK108OA,Blu,2145,Automatico,42
VIN35017,Mazda,VT172HW,Rosso,1903,Automatico,42
VIN68087,Mazda,EU872CB,Verde,1293,Automatico,42
VIN65174,FIAT,VJ827IX,Rosso,1392,Automatico,42
VIN22323,Opel,VT623EC,Rosso,1399,Automatico,42
VIN44187,Mazda,IG542XF,Blu,1631,Manuale,42
VIN77680,Opel,LX417RR,Blu,1802,Manuale,42
VIN55935,Opel,CR161QT,Nero,2003,Manuale,42
VIN50620,FIAT,RA703IE,Verde,1825,Automatico,42
VIN42128,Mazda,MH185PT,Verde,1724,Manuale,42
VIN91326,Toyota,YX679OL,Rosso,1359,Manuale,42
VIN79642,Toyota,ZF693XS,Rosso,1676,Automatico,43
VIN80267,Opel,ZV748VQ,Nero,1271,Automatico,43
VIN97876,Opel,RT758HY,Bianco,1398,Automatico,43
VIN91133,FIAT,AG669CS,Rosso,1880,Automatico,43
VIN86558,Toyota,DR908HY,Nero,1892,Automatico,43
VIN85282,Toyota,XB428AP,Rosso,2042,Automatico,43
VIN77083,FIAT,LQ274CD,Bianco,1662,Manuale,43
VIN52771,FIAT,DH316PI,Nero,1641,Automatico,43
VIN52189,Opel,PD786HS,Nero,1317,Manuale,43
VIN52192,Toyota,NW334NY,Bianco,1986,Automatico,43
VIN90433,FIAT,MT165XC,Blu,1588,Manuale,43
VIN76673,FIAT,KV113CX,Verde,2047,Automatico,43
VIN77568,FIAT,DJ105HJ,Verde,2021,Automatico,43
VIN23416,FIAT,YS946DE,Blu,1747,Automatico,43
VIN51754,Toyota,QU999BB,Verde,2145,Manuale,43
VIN85321,FIAT,WT958ZT,Verde,1809,Manuale,43
VIN53584,Mazda,QP212IZ,Nero,1960,Manuale,43
VIN93032,Toyota,JZ353KK,Rosso,1289,Manuale,43
VIN20950,Toyota,UI188YX,Bianco,1872,Automatico,43
VIN33209,Opel,KD897AX,Nero,1868,Manuale,43
VIN76947,Mazda,PN699DS,Rosso,1907,Manuale,44
VIN21826,Opel,AN116NI,Verde,2120,Automatico,44
VIN13080,FIAT,TA360RG,Bianco,2044,Automatico,44
VIN43725,Mazda,IL795MV,Bianco,1319,Automatico,44
VIN67374,FIAT,LW363UC,Rosso,2112,Manuale,44
VIN24309,Mazda,FA915QJ,Bianco,1613,Automatico,44
VIN92621,Toyota,EE391NJ,Nero,1468,Manuale,44
VIN91879,FIAT,AH321XB,Bianco,1208,Automatico,44
VIN52473,FIAT,SQ460QA,Nero,1331,Manuale,44
VIN84968,Mazda,GI722YW,Blu,1543,Automatico,44
VIN52445,Mazda,YY771QS,Bianco,1737,Automatico,44
VIN72538,FIAT,PF579OH,Nero,1897,Manuale,44
VIN59004,Mazda,LC510EO,Blu,1850,Automatico,44
VIN21766,Toyota,UP183WQ,Verde,2156,Automatico,44
VIN82814,Mazda,KW766YT,Verde,2120,Manuale,44
VIN25982,FIAT,WD214GZ,Verde,2005,Manuale,44
VIN79078,FIAT,UN730QS,Blu,1425,Manuale,44
VIN38413,FIAT,ZU164YO,Nero,2059,Manuale,44
VIN92028,Mazda,RP983IU,Rosso,1289,Automatico,44
VIN19470,Mazda,IH657BC,Blu,1817,Manuale,44
VIN94510,FIAT,EZ484TH,Rosso,2113,Automatico,45
VIN23911,Toyota,IK313BQ,Blu,1343,Manuale,45
VIN67701,Mazda,XZ942DX,Blu,2084,Manuale,45
VIN11119,Mazda,VD410HM,Rosso,1555,Manuale,45
VIN55042,FIAT,PI893YE,Blu,1812,Manuale,45
VIN15073,Mazda,SO606CK,Blu,1624,Automatico,45
VIN30521,Mazda,XX306JC,Nero,1799,Automatico,45
VIN70291,Opel,KG457NM,Blu,1373,Automatico,45
VIN40139,Mazda,ZD512EH,Verde,2135,Automatico,45
VIN27396,Mazda,XI493SB,Rosso,1213,Automatico,45
VIN65643,Mazda,EY670JY,Rosso,1788,Automatico,45
VIN57077,Toyota,IW842AW,Rosso,1825,Automatico,45
VIN85491,FIAT,UP141RU,Rosso,2157,Automatico,45
VIN22593,Toyota,PX287OF,Verde,1822,Automatico,45
VIN48087,FIAT,IY350PR,Blu,1518,Manuale,45
VIN78780,Mazda,ZC700NP,Nero,1918,Automatico,45
VIN86239,FIAT,QV158NN,Verde,1353,Manuale,45
VIN12323,Opel,TK871CM,Blu,1846,Automatico,45
VIN43766,Opel,EH594TH,Nero,1909,Automatico,45
VIN67911,Toyota,YI967UU,Nero,1760,Manuale,45
VIN35302,Mazda,KN147MO,Rosso,1829,Automatico,46
VIN43759,Toyota,VF105EJ,Bianco,1986,Manuale,46
VIN97704,Opel,KT939UP,Verde,1610,Automatico,46
VIN27004,Mazda,UC781XH,Bianco,2128,Automatico,46
VIN93449,Mazda,JG482LB,Rosso,2200,Automatico,46
VIN74708,Mazda,PA209IW,Verde,2156,Manuale,46
VIN15370,FIAT,AH216RT,Blu,1883,Automatico,46
VIN31579,Mazda,KP667NY,Blu,2181,Automatico,46
VIN77349,FIAT,AA427PV,Verde,1375,Manuale,46
VIN20743,FIAT,DD192UI,Nero,2140,Automatico,46
VIN68158,Toyota,SJ746RZ,Nero,1458,Manuale,46
VIN98393,Mazda,ZY917LW,Blu,1709,Automatico,46
VIN76563,FIAT,EY201AY,Blu,2092,Automatico,46
VIN59814,Mazda,HW828FJ,Rosso,1365,Automatico,46
VIN48496,Mazda,RC894AP,Rosso,1756,Automatico,46
VIN42086,FIAT,EL578IK,Bianco,1691,Manuale,46
VIN97093,Mazda,QD874EP,Verde,1513,Automatico,46
VIN18845,Opel,WK860LV,Rosso,1295,Automatico,46
VIN23903,FIAT,SM153AD,Verde,1707,Automatico,46
VIN85354,FIAT,IQ311GG,Verde,1998,Manuale,46
VIN52530,FIAT,TQ858GJ,Rosso,1939,Manuale,47
VIN72393,Mazda,FV442XG,Bianco,1529,Automatico,47
VIN84731,FIAT,EM155EA,Nero,2054,Manuale,47
VIN39214,Opel,CK715LA,Verde,1406,Automatico,47
VIN90015,Opel,GZ199FJ,Verde,1732,Manuale,47
VIN40645,Opel,TG764ZZ,Bianco,1681,Manuale,47
VIN74022,FIAT,IM607VI,Verde,1290,Automatico,47
VIN51991,FIAT,BI230JT,Blu,2018,Manuale,47
VIN47275,Opel,NO964CR,Bianco,1828,Manuale,47
VIN90090,Opel,DB282RL,Nero,1314,Automatico,47
VIN98686,FIAT,WH361CP,Rosso,1403,Manuale,47
VIN32752,FIAT,DM376TS,Nero,1912,Manuale,47
VIN96333,Toyota,LI119YV,Bianco,1207,Automatico,47
VIN61015,FIAT,SR241JN,Verde,1506,Automatico,47
VIN63551,Opel,KH876SM,Blu,1283,Manuale,47
VIN25724,FIAT,EI353UZ,Nero,1894,Automatico,47
VIN22273,Opel,II206IE,Blu,1481,Manuale,47
VIN93530,Opel,WL129MD,Bianco,1662,Automatico,47
VIN82808,Mazda,LH367KC,Verde,1950,Manuale,47
VIN71196,Toyota,XY286TC,Bianco,1677,Automatico,47
VIN83842,FIAT,ZA708RS,Rosso,1502,Automatico,48
VIN30725,Toyota,VI985BF,Nero,1478,Manuale,48
VIN93663,FIAT,BM532GX,Nero,1343,Automatico,48
VIN28748,Toyota,AS163JV,Rosso,1555,Automatico,48
VIN90201,Toyota,WJ334FM,Blu,1764,Manuale,48
VIN97020,FIAT,NW820IK,Bianco,1430,Manuale,48
VIN31972,Mazda,FV734EE,Nero,1377,Automatico,48
VIN72507,Toyota,LY313BK,Verde,1280,Automatico,48
VIN18750,Mazda,ME243TY,Rosso,1303,Manuale,48
VIN20778,Opel,PU962ZV,Blu,1720,Automatico,48
VIN38157,Opel,XY435GD,Bianco,1574,Manuale,48
VIN46793,FIAT,IM863ZO,Rosso,1463,Automatico,48
VIN57574,FIAT,EV809KE,Rosso,1354,Automatico,48
VIN83091,Opel,OH228HW,Nero,2153,Automatico,48
VIN27560,FIAT,GB898JH,Nero,2101,Automatico,48
VIN52003,FIAT,NA182SW,Nero,1794,Automatico,48
VIN58895,Mazda,HP893TK,Verde,2062,Automatico,48
VIN57375,Toyota,OA393DH,Blu,1529,Automatico,48
VIN88419,Toyota,GV283ZN,Verde,1545,Manuale,48
VIN95680,Opel,SO545ZJ,Blu,1439,Manuale,48
VIN75140,Mazda,RF259UZ,Rosso,1941,Automatico,49
VIN83087,Mazda,CV601MT,Blu,1391,Automatico,49
VIN10044,Opel,WB789HX,Nero,1788,Manuale,49
VIN55778,Opel,XZ788UR,Bianco,1934,Automatico,49
VIN23360,Opel,QM360XZ,Bianco,1452,Manuale,49
VIN55806,FIAT,PN167XO,Bianco,1607,Automatico,49
VIN17006,FIAT,UY996PB,Verde,1582,Automatico,49
VIN57821,Opel,GH827RP,Blu,1578,Automatico,49
VIN85258,Toyota,SG527NT,Rosso,1707,Manuale,49
VIN64878,FIAT,YP590MS,Bianco,2049,Automatico,49
VIN85572,Opel,ND410YD,Rosso,1369,Automatico,49
VIN51002,FIAT,QQ977TY,Rosso,1256,Automatico,49
VIN47007,Mazda,PJ719AX,Bianco,1740,Automatico,49
VIN91411,Mazda,KO243KN,Verde,1482,Manuale,49
VIN68302,Toyota,AR205QO,Bianco,1288,Automatico,49
VIN14934,Mazda,BP754KV,Verde,1851,Manuale,49
VIN15932,Opel,EV595BK,Bianco,1485,Automatico,49
VIN28839,Mazda,RW853AC,Verde,2063,Automatico,49
VIN41052,Toyota,QP669OV,Bianco,1987,Automatico,49
VIN60512,Mazda,BL482FY,Blu,1462,Automatico,49
VIN10345,FIAT,OV908DN,Rosso,1414,Automatico,50
VIN66563,Mazda,YS747JT,Bianco,1944,Manuale,50
VIN68959,Mazda,NY577OO,Nero,1698,Automatico,50
VIN19806,Opel,DM285FH,Verde,1798,Manuale,50
VIN49489,FIAT,MJ946NG,Bianco,1957,Manuale,50
VIN38221,FIAT,IY335UF,Rosso,1495,Manuale,50
VIN70419,Toyota,WS262QR,Bianco,1757,Manuale,50
VIN74827,Mazda,ZK571YB,Nero,1918,Automatico,50
VIN68469,Opel,RP323BM,Blu,1748,Automatico,50
VIN55032,Toyota,GU125UH,Blu,1456,Automatico,50
VIN89482,FIAT,GS841GK,Nero,1564,Automatico,50
VIN64018,Mazda,EC169MM,Blu,1527,Automatico,50
VIN94860,Opel,EZ652VY,Bianco,1401,Automatico,50
VIN91514,FIAT,LA967OB,Blu,1481,Manuale,50
VIN31617,Opel,OJ936TJ,Rosso,2054,Automatico,50
VIN49266,Mazda,JA245BW,Rosso,1248,Automatico,50
VIN44046,Opel,JU865LQ,Blu,1291,Manuale,50
VIN79236,Toyota,MZ683LR,Nero,2167,Automatico,50
VIN71590,Toyota,RN532SR,Rosso,1651,Automatico,50
VIN14668,FIAT,OQ132WS,Bianco,1612,Manuale,50
